code,old_code,col
MASI,MASI,gold1
SAC,SAC,black
L3F,L3F,#CAB2D6
SUM,SUM,deeppink1
POK,POK,steelblue4
PRJ,PRJ,#FF7F00
SAM,SAM,#FB9A99
NAH,NAH,dodgerblue2
RIM,RIM,darkturquoise
SEPT,SEPT,green1
GRB,GRB,#E31A1C
HEB,HEB,#6A3D9A
PORT,PORT,green4
PETI,PETITE,blue1
NRIV,NRIV,maroon
EBAY,Ebay,khaki2
POUL,POUL,gray70
JB33,CH33,darkorange4
JB38,CH38,yellow3
BUCK,BUCK,yellow4
MELM,MELM,orchid1
TAYH,TH,#FDBF6F
TSW,TSW,brown
